"Категория работ";"Наименование работы";"Единица измерения";"Цена от, руб."
"Демонтажные работы";"Демонтаж реечного потолка, панелей ПВХ, МДФ, ДСП";"м²";"150"
"Демонтажные работы";"Демонтаж подвесного потолка типа ""Армстронг""";"м²";"180"
"Демонтажные работы";"Удаление водоэмульсионной краски с потолка";"м²";"360"
"Демонтажные работы";"Очистка потолка от масляной краски";"м²";"420"
"Демонтажные работы";"Удаление штукатурки с потолка (до 3 см)";"м²";"300"
"Демонтажные работы";"Удаление штукатурки с потолка (до 6 см)";"м²";"420"
"Демонтажные работы";"Снятие обоев с потолка (1-2 слоя)";"м²";"180"
"Демонтажные работы";"Демонтаж потолка из гипсокартона с каркасом";"м²";"300"
"Демонтажные работы";"Демонтаж натяжного потолка";"м²";"100"
"Демонтажные работы";"Расшивка потолочных швов";"пог. м";"220"
"Демонтажные работы";"Удаление потолочного плинтуса";"пог. м";"150"
"Демонтажные работы";"Разбор кирпичной кладки (1/2 кирпича)";"м²";"540"
"Демонтажные работы";"Разбор кирпичной кладки (1 кирпич)";"м²";"580"
"Демонтажные работы";"Демонтаж кирпичной кладки (1,5 кирпича)";"м²";"880"
"Демонтажные работы";"Пробивка проема в кирпичной стене (1/2 кирпича)";"м²";"950"
"Демонтажные работы";"Пробивка проема в кирпичной стене (1 кирпич)";"м²";"1680"
"Демонтажные работы";"Демонтаж бетонных перегородок (до 10 см)";"м²";"1960"
"Демонтажные работы";"Демонтаж бетонных перегородок (до 20 см)";"м²";"2000"
"Демонтажные работы";"Демонтаж стеклянных перегородок";"м²";"840"
"Демонтажные работы";"Демонтаж деревянных перегородок";"м²";"600"
"Демонтажные работы";"Демонтаж перегородок из ГКЛ";"м²";"340"
"Демонтажные работы";"Демонтаж стен из блоков";"м²";"420"
"Демонтажные работы";"Удаление краски со стен";"м²";"300"
"Демонтажные работы";"Снятие обоев со стен (1-2 слоя)";"м²";"150"
"Демонтажные работы";"Демонтаж плитки со стен";"м²";"300"
"Демонтажные работы";"Удаление штукатурки со стен (до 3 см)";"м²";"340"
"Демонтажные работы";"Удаление штукатурки со стен (до 6 см)";"м²";"420"
"Демонтажные работы";"Демонтаж бетонной стяжки (до 5 см)";"м²";"800"
"Демонтажные работы";"Демонтаж бетонной стяжки (до 10 см)";"м²";"1000"
"Демонтажные работы";"Демонтаж деревянного пола";"м²";"600"
"Демонтажные работы";"Демонтаж линолеума, ковролина";"м²";"250"
"Демонтажные работы";"Демонтаж паркета, ламината";"м²";"500"
"Демонтажные работы";"Демонтаж плитки с пола";"м²";"600"
"Демонтажные работы";"Демонтаж плинтуса";"пог. м";"150"
"Демонтажные работы";"Демонтаж душевой кабины";"шт";"960"
"Демонтажные работы";"Демонтаж ванны";"шт";"1920"
"Демонтажные работы";"Демонтаж унитаза, биде";"шт";"760"
"Демонтажные работы";"Демонтаж раковины";"шт";"600"
"Демонтажные работы";"Демонтаж смесителя";"шт";"240"
"Демонтажные работы";"Демонтаж радиатора отопления";"шт";"590"
"Демонтажные работы";"Демонтаж труб водоснабжения";"пог. м";"150"
"Демонтажные работы";"Демонтаж труб канализации";"пог. м";"430"
"Демонтажные работы";"Демонтаж электропроводки";"пог. м";"50"
"Демонтажные работы";"Демонтаж розеток, выключателей";"шт";"110"
"Демонтажные работы";"Демонтаж электрощита";"шт";"780"
"Демонтажные работы";"Демонтаж дверного блока";"шт";"960"
"Демонтажные работы";"Демонтаж оконного блока";"шт";"660"
"Потолок - ремонт и отделка";"Устройство одноуровневого подвесного потолка из ГКЛ";"м²";"1000"
"Потолок - ремонт и отделка";"Устройство двухуровневого подвесного потолка из ГКЛ";"м²";"1800"
"Потолок - ремонт и отделка";"Монтаж подвесного потолка типа ""Армстронг""";"м²";"1200"
"Потолок - ремонт и отделка";"Монтаж реечного подвесного потолка";"м²";"1000"
"Потолок - ремонт и отделка";"Монтаж подвесного потолка ""Грильято""";"м²";"1200"
"Потолок - ремонт и отделка";"Устройство натяжного потолка (ПВХ)";"м²";"650"
"Потолок - ремонт и отделка";"Устройство натяжного потолка (тканевого)";"м²";"850"
"Потолок - ремонт и отделка";"Штукатурка потолка по маякам (до 20 мм)";"м²";"840"
"Потолок - ремонт и отделка";"Штукатурка потолка по маякам (до 30 мм)";"м²";"960"
"Потолок - ремонт и отделка";"Шпатлевка потолка под покраску";"м²";"1100"
"Потолок - ремонт и отделка";"Шпатлевка потолка по гипсокартону с армированием швов";"м²";"700"
"Потолок - ремонт и отделка";"Финишная шпатлевка потолка";"м²";"700"
"Потолок - ремонт и отделка";"Ошкуривание потолка";"м²";"180"
"Потолок - ремонт и отделка";"Грунтовка потолка (1 слой)";"м²";"120"
"Потолок - ремонт и отделка";"Окраска потолка водоэмульсионной краской (2 слоя)";"м²";"400"
"Потолок - ремонт и отделка";"Окраска потолка краскопультом (2 слоя)";"м²";"400"
"Потолок - ремонт и отделка";"Нанесение декоративной штукатурки на потолок";"м²";"1500"
"Потолок - ремонт и отделка";"Монтаж потолочного плинтуса из пенополистирола";"пог. м";"400"
"Потолок - ремонт и отделка";"Монтаж потолочного плинтуса из полиуретана";"пог. м";"600"
"Потолок - ремонт и отделка";"Окраска потолочного плинтуса";"пог. м";"150"
"Потолок - ремонт и отделка";"Устройство шумоизоляции потолка";"м²";"600"
"Потолок - ремонт и отделка";"Монтаж потолочных розеток под люстру";"шт";"350"
"Потолок - ремонт и отделка";"Устройство закарнизной подсветки потолка";"пог. м";"1800"
"Потолок - ремонт и отделка";"Монтаж накладных потолочных светильников";"шт";"1500"
"Потолок - ремонт и отделка";"Монтаж встраиваемых потолочных светильников";"шт";"600"
"Потолок - ремонт и отделка";"Устройство ниш в потолке из ГКЛ";"пог. м";"1800"
"Потолок - ремонт и отделка";"Монтаж потолочных балок (фальш-балок)";"пог. м";"1500"
"Потолок - ремонт и отделка";"Нанесение фактурной краски на потолок";"м²";"550"
"Потолок - ремонт и отделка";"Поклейка обоев на потолок";"м²";"550"
"Потолок - ремонт и отделка";"Монтаж зеркальных элементов на потолок";"м²";"1800"
"Стены - ремонт и отделка";"Возведение перегородок из кирпича (1/2 кирпича)";"м²";"2000"
"Стены - ремонт и отделка";"Возведение перегородок из пеноблоков (толщина до 100 мм)";"м²";"1000"
"Стены - ремонт и отделка";"Монтаж перегородок из ГКЛ в 1 слой";"м²";"1500"
"Стены - ремонт и отделка";"Монтаж перегородок из ГКЛ в 2 слоя с звукоизоляцией";"м²";"1500"
"Стены - ремонт и отделка";"Выравнивание стен штукатуркой (до 20 мм)";"м²";"800"
"Стены - ремонт и отделка";"Выравнивание стен штукатуркой (до 30 мм)";"м²";"1100"
"Стены - ремонт и отделка";"Штукатурка стен по маякам";"м²";"800"
"Стены - ремонт и отделка";"Монтаж штукатурных маяков";"пог. м";"100"
"Стены - ремонт и отделка";"Шпатлевка стен под обои";"м²";"650"
"Стены - ремонт и отделка";"Шпатлевка стен под покраску";"м²";"950"
"Стены - ремонт и отделка";"Финишная шпатлевка стен";"м²";"240"
"Стены - ремонт и отделка";"Ошкуривание стен";"м²";"120"
"Стены - ремонт и отделка";"Грунтовка стен (1 слой)";"м²";"100"
"Стены - ремонт и отделка";"Поклейка обоев (простые)";"м²";"550"
"Стены - ремонт и отделка";"Поклейка обоев (винил, флизелин)";"м²";"550"
"Стены - ремонт и отделка";"Поклейка обоев под покраску";"м²";"550"
"Стены - ремонт и отделка";"Поклейка обоев с подбором рисунка";"м²";"650"
"Стены - ремонт и отделка";"Поклейка стеклообоев";"м²";"550"
"Стены - ремонт и отделка";"Покраска стен водоэмульсионной краской (2 слоя)";"м²";"400"
"Стены - ремонт и отделка";"Покраска стен масляной краской";"м²";"400"
"Стены - ремонт и отделка";"Нанесение декоративной штукатурки";"м²";"1500"
"Стены - ремонт и отделка";"Облицовка стен керамической плиткой";"м²";"4000"
"Стены - ремонт и отделка";"Облицовка стен керамогранитом";"м²";"5000"
"Стены - ремонт и отделка";"Облицовка стен мозаикой";"м²";"8000"
"Стены - ремонт и отделка";"Затирка швов плитки";"м²";"1200"
"Стены - ремонт и отделка";"Монтаж уголков для плитки";"пог. м";"600"
"Стены - ремонт и отделка";"Монтаж пластикового уголка";"пог. м";"300"
"Стены - ремонт и отделка";"Монтаж декоративных молдингов";"пог. м";"300"
"Стены - ремонт и отделка";"Монтаж декоративных карнизов";"пог. м";"360"
"Стены - ремонт и отделка";"Монтаж декоративных панелей МДФ, ПВХ";"м²";"800"
"Стены - ремонт и отделка";"Обшивка стен вагонкой";"м²";"800"
"Стены - ремонт и отделка";"Монтаж ГКЛ на стены (1 слой)";"м²";"800"
"Стены - ремонт и отделка";"Монтаж ГКЛ на стены (2 слоя)";"м²";"900"
"Стены - ремонт и отделка";"Устройство шумоизоляции стен";"м²";"500"
"Стены - ремонт и отделка";"Устройство теплоизоляции стен";"м²";"700"
"Стены - ремонт и отделка";"Устройство откосов из ГКЛ";"пог. м";"1500"
"Стены - ремонт и отделка";"Штукатурка откосов";"пог. м";"1500"
"Стены - ремонт и отделка";"Шпатлевка откосов";"пог. м";"700"
"Стены - ремонт и отделка";"Покраска откосов";"пог. м";"400"
"Пол - ремонт и отделка";"Устройство цементно-песчаной стяжки (до 50 мм)";"м²";"900"
"Пол - ремонт и отделка";"Устройство цементно-песчаной стяжки (50-100 мм)";"м²";"1200"
"Пол - ремонт и отделка";"Армирование стяжки сеткой";"м²";"500"
"Пол - ремонт и отделка";"Устройство наливного пола (до 5 мм)";"м²";"650"
"Пол - ремонт и отделка";"Устройство наливного пола (5-10 мм)";"м²";"650"
"Пол - ремонт и отделка";"Грунтовка пола (1 слой)";"м²";"100"
"Пол - ремонт и отделка";"Гидроизоляция пола (обмазочная)";"м²";"500"
"Пол - ремонт и отделка";"Гидроизоляция пола (рулонная)";"м²";"530"
"Пол - ремонт и отделка";"Укладка фанеры на пол";"м²";"900"
"Пол - ремонт и отделка";"Монтаж лаг";"м²";"1600"
"Пол - ремонт и отделка";"Устройство теплого пола электрического";"м²";"2000"
"Пол - ремонт и отделка";"Устройство теплого пола водяного";"м²";"2000"
"Пол - ремонт и отделка";"Укладка ламината";"м²";"800"
"Пол - ремонт и отделка";"Укладка паркетной доски";"м²";"2500"
"Пол - ремонт и отделка";"Укладка массивной доски";"м²";"2500"
"Пол - ремонт и отделка";"Укладка штучного паркета";"м²";"2500"
"Пол - ремонт и отделка";"Циклевка паркета";"м²";"480"
"Пол - ремонт и отделка";"Шлифовка паркета";"м²";"360"
"Пол - ремонт и отделка";"Лакировка паркета (3 слоя)";"м²";"300"
"Пол - ремонт и отделка";"Укладка линолеума";"м²";"500"
"Пол - ремонт и отделка";"Укладка ковролина";"м²";"500"
"Пол - ремонт и отделка";"Укладка плитки на пол (до 40х40 см)";"м²";"3000"
"Пол - ремонт и отделка";"Укладка плитки на пол (крупноформатной)";"м²";"6000"
"Пол - ремонт и отделка";"Укладка керамогранита на пол";"м²";"3500"
"Пол - ремонт и отделка";"Укладка мозаики на пол";"м²";"8000"
"Пол - ремонт и отделка";"Затирка швов плитки на полу";"м²";"1200"
"Пол - ремонт и отделка";"Устройство плинтуса пластикового";"пог. м";"350"
"Пол - ремонт и отделка";"Устройство плинтуса деревянного";"пог. м";"800"
"Пол - ремонт и отделка";"Устройство плинтуса из керамогранита";"пог. м";"1500"
"Пол - ремонт и отделка";"Шпатлевка пола";"м²";"240"
"Пол - ремонт и отделка";"Покраска пола";"м²";"180"
"Пол - ремонт и отделка";"Обеспыливание бетонного пола";"м²";"120"
"Пол - ремонт и отделка";"Нанесение эпоксидного покрытия на пол";"м²";"900"
"Пол - ремонт и отделка";"Устройство наливного 3D пола";"м²";"3600"
"Пол - ремонт и отделка";"Укладка пробкового покрытия";"м²";"600"
"Пол - ремонт и отделка";"Монтаж порожков";"шт";"500"
"Пол - ремонт и отделка";"Устройство подиума из ГКЛ";"м²";"1800"
"Пол - ремонт и отделка";"Выравнивание пола фанерой (без материала)";"м²";"900"
"Электромонтаж";"Монтаж распределительного щита до 12 модулей";"шт";"4000"
"Электромонтаж";"Монтаж распределительного щита до 24 модулей";"шт";"4000"
"Электромонтаж";"Монтаж распределительного щита до 36 модулей";"шт";"4000"
"Электромонтаж";"Монтаж автоматического выключателя 1P";"шт";"550"
"Электромонтаж";"Монтаж автоматического выключателя 2P";"шт";"550"
"Электромонтаж";"Монтаж автоматического выключателя 3P";"шт";"1000"
"Электромонтаж";"Установка УЗО";"шт";"850"
"Электромонтаж";"Монтаж дифференциального автомата";"шт";"850"
"Электромонтаж";"Установка электросчетчика однофазного";"шт";"1200"
"Электромонтаж";"Установка электросчетчика трехфазного";"шт";"2450"
"Электромонтаж";"Монтаж кабеля в гофре";"м";"200"
"Электромонтаж";"Монтаж кабеля в штробе";"м";"200"
"Электромонтаж";"Монтаж кабеля открытым способом";"м";"100"
"Электромонтаж";"Штробление под кабель в бетоне";"м";"400"
"Электромонтаж";"Штробление под кабель в кирпиче";"м";"300"
"Электромонтаж";"Штробление под кабель в гипсолите";"м";"300"
"Электромонтаж";"Монтаж подрозетника в бетоне";"шт";"600"
"Электромонтаж";"Монтаж подрозетника в кирпиче";"шт";"400"
"Электромонтаж";"Монтаж подрозетника в гипсолите";"шт";"300"
"Электромонтаж";"Установка розетки";"шт";"400"
"Электромонтаж";"Установка выключателя";"шт";"400"
"Электромонтаж";"Установка проходного выключателя";"шт";"400"
"Электромонтаж";"Установка диммера";"шт";"480"
"Электромонтаж";"Монтаж распаячной коробки";"шт";"1000"
"Электромонтаж";"Монтаж светильника накладного";"шт";"1500"
"Электромонтаж";"Монтаж светильника встраиваемого";"шт";"600"
"Электромонтаж";"Монтаж люстры простой";"шт";"1500"
"Электромонтаж";"Монтаж люстры сложной";"шт";"1500"
"Электромонтаж";"Установка трансформатора";"шт";"1000"
"Электромонтаж";"Монтаж светодиодной ленты";"м";"300"
"Электромонтаж";"Установка вентилятора в ванной/туалете";"шт";"2500"
"Электромонтаж";"Подключение электроплиты";"шт";"1200"
"Электромонтаж";"Подключение варочной панели";"шт";"6000"
"Электромонтаж";"Подключение духового шкафа";"шт";"4000"
"Электромонтаж";"Монтаж и подключение теплого пола";"точка";"2000"
"Электромонтаж";"Установка терморегулятора теплого пола";"шт";"600"
"Электромонтаж";"Монтаж системы молниезащиты";"-";"18000"
"Сантехнические работы";"Монтаж стояков ХВС и ГВС";"точка";"5000"
"Сантехнические работы";"Монтаж стояка канализации";"точка";"8000"
"Сантехнические работы";"Разводка труб ХВС и ГВС (металлопластик)";"точка";"300"
"Сантехнические работы";"Разводка труб ХВС и ГВС (полипропилен)";"точка";"300"
"Сантехнические работы";"Разводка канализационных труб";"точка";"300"
"Сантехнические работы";"Установка фильтров грубой очистки";"шт";"600"
"Сантехнические работы";"Установка фильтров тонкой очистки";"шт";"2000"
"Сантехнические работы";"Монтаж коллектора на 3-4 выхода";"шт";"3000"
"Сантехнические работы";"Монтаж коллектора на 5-8 выходов";"шт";"4200"
"Сантехнические работы";"Установка редуктора давления";"шт";"1440"
"Сантехнические работы";"Установка расширительного бака";"шт";"4000"
"Сантехнические работы";"Монтаж счетчика воды";"шт";"1200"
"Сантехнические работы";"Установка раковины";"шт";"3500"
"Сантехнические работы";"Установка умывальника с тумбой";"шт";"3500"
"Сантехнические работы";"Монтаж унитаза";"шт";"3500"
"Сантехнические работы";"Установка инсталляции с унитазом";"шт";"10000"
"Сантехнические работы";"Монтаж биде";"шт";"3500"
"Сантехнические работы";"Установка ванны стальной";"шт";"5000"
"Сантехнические работы";"Установка ванны чугунной";"шт";"5000"
"Сантехнические работы";"Установка ванны акриловой";"шт";"5000"
"Сантехнические работы";"Монтаж душевой кабины";"шт";"10000"
"Сантехнические работы";"Установка душевого поддона";"шт";"3000"
"Сантехнические работы";"Монтаж душевой стойки";"шт";"2500"
"Сантехнические работы";"Установка смесителя";"шт";"2500"
"Сантехнические работы";"Монтаж полотенцесушителя";"шт";"3000"
"Сантехнические работы";"Установка водонагревателя накопительного";"шт";"6000"
"Сантехнические работы";"Установка водонагревателя проточного";"шт";"2400"
"Сантехнические работы";"Монтаж радиатора отопления";"шт";"4500"
"Сантехнические работы";"Замена радиатора отопления";"шт";"4500"
"Сантехнические работы";"Установка заглушки на радиатор";"шт";"360"
"Сантехнические работы";"Монтаж фанкойла";"шт";"6000"
"Сантехнические работы";"Установка стиральной машины";"шт";"5000"
"Сантехнические работы";"Установка посудомоечной машины";"шт";"5000"
"Сантехнические работы";"Монтаж измельчителя пищевых отходов";"шт";"2400"
"Сантехнические работы";"Установка сифона на раковину";"шт";"600"
"Сантехнические работы";"Монтаж трапа в полу";"шт";"3000"
"Сантехнические работы";"Установка ревизионного люка";"шт";"800"
"Сантехнические работы";"Монтаж гребенки отопления";"шт";"6000"
"Сантехнические работы";"Опрессовка системы отопления";"точка";"6000"
"Дополнительные работы";"Установка вентиляционной решетки";"шт";"600"
"Дополнительные работы";"Монтаж вентиляционного короба";"пог.м";"550"
"Дополнительные работы";"Установка кондиционера (сплит-системы)";"шт";"9600"
"Дополнительные работы";"Монтаж карниза для штор";"пог.м";"700"
"Дополнительные работы";"Установка рольставней на окна";"м²";"3600"
"Дополнительные работы";"Монтаж декоративных балок на потолок";"пог.м";"1800"
"Дополнительные работы";"Установка антресолей";"шт";"6000"
"Дополнительные работы";"Монтаж лепнины";"пог.м";"720"
"Дополнительные работы";"Установка камина электрического";"шт";"7200"
"Дополнительные работы";"Монтаж системы ""Умный дом"" (базовый комплект)";"-";"36000"
"Дополнительные работы";"Установка домофона";"шт";"2500"
"Дополнительные работы";"Монтаж видеонаблюдения (1 камера)";"шт";"4200"
"Дополнительные работы";"Установка охранной сигнализации";"-";"18000"
"Дополнительные работы";"Монтаж системы пожарной сигнализации";"-";"24000"
"Дополнительные работы";"Установка козырька над входом";"шт";"9600"
"Дополнительные работы";"Монтаж экрана под ванну";"шт";"3000"
"Дополнительные работы";"Установка вытяжки кухонной";"шт";"2400"
"Дополнительные работы";"Установка москитной сетки на окно";"шт";"720"
"Дополнительные работы";"Монтаж системы защиты от протечек воды";"-";"12000"
"Дополнительные работы";"Монтаж системы очистки воды";"-";"9600"
"Дополнительные работы";"Установка бойлера";"шт";"6000"
"Дополнительные работы";"Монтаж теплого плинтуса";"пог.м";"1200"
"Дополнительные работы";"Установка биокамина";"шт";"12000"
"Дополнительные работы";"Монтаж декоративного пруда";"шт";"36000"
"Дополнительные работы";"Установка системы автополива для комнатных растений";"-";"7200"
"Дополнительные работы";"Монтаж системы увлажнения воздуха";"-";"18000"
"Дополнительные работы";"Установка ионизатора воздуха";"шт";"2400"
"Дополнительные работы";"Монтаж системы центрального пылеудаления";"-";"60000"
"Установка дверей и окон";"Установка межкомнатной двери (без добора)";"шт";"8500"
"Установка дверей и окон";"Установка межкомнатной двери с добором";"шт";"8500"
"Установка дверей и окон";"Установка двустворчатой межкомнатной двери";"шт";"8500"
"Установка дверей и окон";"Монтаж раздвижной двери (пенал)";"шт";"8500"
"Установка дверей и окон";"Установка входной металлической двери";"шт";"10000"
"Установка дверей и окон";"Установка входной сейф-двери";"шт";"10000"
"Установка дверей и окон";"Врезка замка в межкомнатную дверь";"шт";"1200"
"Установка дверей и окон";"Врезка замка в металлическую дверь";"шт";"2400"
"Установка дверей и окон";"Установка доводчика на дверь";"шт";"1800"
"Установка дверей и окон";"Монтаж дверного глазка";"шт";"600"
"Установка дверей и окон";"Установка порога";"шт";"500"
"Установка дверей и окон";"Монтаж наличников (за комплект)";"компл";"400"
"Установка дверей и окон";"Расширение дверного проема (в пеноблоке)";"шт";"3000"
"Установка дверей и окон";"Расширение дверного проема (в кирпиче)";"шт";"4200"
"Установка дверей и окон";"Расширение дверного проема (в бетоне)";"шт";"6000"
"Установка дверей и окон";"Установка арки";"шт";"4800"
"Установка дверей и окон";"Установка пластикового окна (1 створка)";"шт";"2500"
"Установка дверей и окон";"Установка пластикового окна (2 створки)";"шт";"2500"
"Установка дверей и окон";"Установка пластикового окна (3 створки)";"шт";"2500"
"Установка дверей и окон";"Монтаж деревянного окна";"шт";"2500"
"Установка дверей и окон";"Установка подоконника (пластикового)";"пог.м";"1500"
"Установка дверей и окон";"Установка подоконника (из искусственного камня)";"пог.м";"1500"
"Установка дверей и окон";"Монтаж отлива";"пог.м";"1000"
"Установка дверей и окон";"Установка москитной сетки";"шт";"600"
"Установка дверей и окон";"Монтаж жалюзи";"шт";"1200"
"Установка дверей и окон";"Установка рольставней";"м²";"3600"
"Установка дверей и окон";"Утепление откосов";"пог.м";"600"
"Установка дверей и окон";"Отделка откосов (штукатурка)";"пог.м";"1500"
"Установка дверей и окон";"Отделка откосов (пластик)";"пог.м";"1200"
"Установка дверей и окон";"Установка подоконного отлива";"пог.м";"1000"
"Установка дверей и окон";"Регулировка пластикового окна";"шт";"900"
"Установка дверей и окон";"Замена стеклопакета";"шт";"3000"
"Установка дверей и окон";"Установка балконного блока";"шт";"2500"
"Установка дверей и окон";"Остекление балкона (профиль ПВХ)";"пог.м";"2500"
"Установка дверей и окон";"Остекление балкона (алюминиевый профиль)";"пог.м";"2500"